Address,Phone
"539 North Oak Ave, Aldan PA 19018",(610) 623-5313
"3015 West Emmaus Ave, Allentown PA 18103",(610) 791-9644
"3070 Tilghman St, Allentown PA 18104",(610) 776-1531
"3300 Concord Rd, Aston PA 19014",(610) 497-5375
"10000 Shannondell Drive, Audubon PA 19403",(610) 728-5600
"65 Route 611, Bartonsville PA 18321",(570) 421-1797
"2699 Benner Pike, Bellefonte PA 16823",(814) 355-1060
"2721 Street Rd, Bensalem PA 19020",(215) 604-9924
"50 Briar Creek Plz, Berwick PA 18603",(570) 802-0595
"2174 West Union Blvd, Bethlehem PA 18018",(610) 691-4304
"2918 Easton Ave, Bethlehem PA 18017",(610) 866-3355
"3926 Nazareth Pike, Bethlehem PA 18020",(610) 882-0585
"1000 Scott Town Plaza, Bloomsburg PA 17815",(570) 389-9004
"1760 Dekalb Pike, Blue Bell PA 19422",(610) 239-7804
"4930 Edgmont Ave, Brookhaven PA 19015",(610) 876-6445
"2180 West Chester Pike, Broomall PA 19008",(610) 355-7717
"325 West Freedom Ave, Burnham PA 17009",(717) 248-3963
"3301 Trindle Rd, Camp Hill PA 17011",(717) 724-1166
"1149 Harrisburg Pike, Carlisle PA 17013",(888) 814-4268
"255 S Spring Garden St, Carlisle PA 17013",(717) 249-2323
"950 Walnut Bottom Road, Carlisle PA 17015",(717) 601-3676
"4275 County Line Rd, Chalfont PA 18914",(215) 997-2883
"925 Norland Ave, Chambersburg PA 17201",(717) 267-0440
"993 Wayne Ave, Chambersburg PA 17201",(717) 263-4000
"481 West Penn Ave, Cleona PA 17042",(717) 274-5629
"3985 Columbia Avenue, Columbia PA 17512",(717) 285-4380
"10 East Ridge Pike, Conshohocken PA 19428",(610) 940-2231
"216 E Fairmont St, Coopersburg PA 18036",(610) 282-4200
"202 Chestnut St, Coplay PA 18037",(610) 262-7581
"502 Church St, Danville PA 17821",(570) 271-0470
"1550 Main St, Dickson Cty PA 18447",(570) 307-1320
"830 N US Route 15, Dillsburg PA 17019",(717) 638-1230
"2130 Palomino Rd, Dover PA 17315",(717) 292-3702
"4377 Swamp Rd, Doylestown PA 18901",(267) 885-0920
"300 Lincoln Avenue, East Stroudsburg PA 18301",(570) 476-2908
"301 Town Center Blvd, Easton PA 18040",(610) 559-8770
"801 S 25th St, Easton PA 18045",(484) 546-0084
"1278 S Market St, Elizabethtown PA 17022",(717) 367-1943
"4510 Marketplace Way, Enola PA 17025",(717) 909-7012
"850 East Main St, Ephrata PA 17522",(717) 733-6334
"141 E Swedesford Rd, Exton PA 19341",(610) 594-0847
"168 Eagleview Blvd, Exton PA 19341",(610) 363-0799
"471 South Oxford Valley Rd, Fairless Hills PA 19030",(215) 949-8941
"176 W. Street Road, Feasterville PA 19053",(215) 396-3393
"1874 Bethlehem Pike, Flourtown PA 19031",(215) 836-4300
"44 Natural Springs Rd, Gettysburg PA 17325",(717) 337-0017
"173 Holly Rd, Gilbertsville PA 19525",(610) 473-3200
"3777 Peters Mtn, Halifax PA 17032",(717) 896-8703
"455 Eisenhower Dr, Hanover PA 17331",(717) 632-2882
"801 Baltimore St, Hanover PA 17331",(717) 632-6673
"611 Main St, Harleysville PA 19438",(215) 513-0400
"136 Kline Vlg, Harrisburg PA 17104",(717) 909-7306
"2300 Linglestown Rd, Harrisburg PA 17110",(717) 545-0489
"4211 Union Deposit Rd, Harrisburg PA 17111",(717) 920-0437
"5005 Jonestown Road, Harrisburg PA 17109",(717) 545-3752
"6301 Grayson Road, Harrisburg PA 17111",(717) 561-1285
"1540 Cowpath Rd, Hatfield PA 19440",(215) 361-4190
"116 Township Line Rd, Havertown PA 19083",(610) 449-1161
"70 S Locust St, Hazleton PA 18201",(570) 459-5613
"1880 Leithsville Rd, Hellertown PA 18055",(610) 838-7700
"1250 Cocoa Ave, Hershey PA 17033",(717) 312-0725
"314 Horsham Rd, Horsham PA 19044",(215) 682-7422
"277 Hershey Rd, Hummelstown PA 17036",(717) 256-0050
"7673 Lake Raystown, Huntingdon PA 16652",(814) 643-2794
"737 Huntingdon Pike, Huntingdon Valley PA 19006",(215) 379-6900
"15100 Kutztown Road, KUTZTOWN PA 19530",(610) 683-3689
"350 Scarlet Rd, Kennett Square PA 19348",(610) 444-8160
"830 E Baltimore Pike, Kennett Square PA 19348",(610) 444-7020
"310 S Henderson Rd, King Of Prussia PA 19406",(610) 265-1870
"106 Willow Valley Square, Lancaster PA 17602",(717) 464-2181
"1360 Columbia Ave, Lancaster PA 17603",(717) 291-9678
"1605 Lititz Pike, Lancaster PA 17601",(717) 299-0391
"235 N Reservoir St, Lancaster PA 17602",(800) 573-2763
"550 Centerville Rd, Lancaster PA 17601",(717) 898-3011
"168 N Flowers Mill Rd, Langhorne PA 19047",(215) 741-3360
"3 Doublewoods Rd, Langhorne PA 19047",(215) 968-0676
"300 E Baltimore Ave, Lansdowne PA 19050",(610) 623-9223
"1750 Quentin Road, Lebanon PA 17042",(717) 270-9955
"835 Bowman Street, Lebanon PA 17046",(717) 272-5584
"1241 Blakeslee Blvd, Lehighton PA 18235",(570) 386-4146
"10 Newport Rd, Leola PA 17540",(717) 656-9983
"4001 New Falls Rd, Levittown PA 19056",(215) 949-1408
"224 Hardwood Drive, Lewisburg PA 17837",(570) 524-9868
"200 S Dorcas St, Lewistown PA 17044",(717) 242-2371
"1008 Lititz Pike, Lititz PA 17543",(717) 625-0303
"225 Lancaster Ave, Malvern PA 19355",(610) 296-5551
"205 Glen Dr, Manchester PA 17345",(717) 266-8560
"1925 Norristown Rd, Maple Glen PA 19002",(215) 643-4567
"360 South 2nd St, Mcconnellsburg PA 17233",(717) 485-0430
"255 Cumberland Pwky, Mechanicsburg PA 17055",(717) 591-0979
"5301 Simpson Ferry Rd, Mechanicsburg PA 17055",(717) 766-6550
"6560 Carlisle Pike, Mechanicsburg PA 17050",(717) 796-6555
"450 East Main St, Middletown PA 17057",(717) 948-1607
"833 W Trenton Ave, Morrisville PA 19067",(215) 295-8032
"789 E Main St, Mount Joy PA 17552",(717) 653-0396
"859 Nazareth Pike, Nazareth PA 18064",(610) 759-7213
"200 Town Ctr, New Britain PA 18901",(215) 345-0334
"130 Old York Rd, New Cumberland PA 17070",(717) 774-4936
"6542 Logan Square, New Hope PA 18938",(215) 862-9061
"12 Newport Plaza, Newport PA 17074",(717) 567-3950
"4855 West Chester Pike, Newtown Square PA 19073",(610) 325-2478
"2670 Egypt Rd, Norristown PA 19403",(610) 631-8130
"1201 Knapp Rd, North Wales PA 19454",(215) 661-1025
"1153 N 5th St, Perkasie PA 18944",(215) 257-1131
"1004 N 2nd street, Philadelphia PA 19123",(215) 923-3919
"1403 S Christopher Columbus Blvd, Philadelphia PA 19147",(215) 218-7290
"2201 Cottman Avenue, Philadelphia PA 19149",(215) 722-2043
"2303 Bainbridge St, Philadelphia PA 19146",(215) 875-8305
"2550 Grant Ave, Philadelphia PA 19114",(215) 464-8280
"3401 Chestnut Street, Philadelphia PA 19104",(445) 888-3022
"510 North Broad Street, Philadelphia PA 19130",(215) 523-6277
"60 North 23rd Street, Philadelphia PA 19103",(215) 587-0270
"801 Market Street, Philadelphia PA 19107",(215) 408-4830
"700 Nutt Rd, Phoenixville PA 19460",(610) 917-9086
"5858 Easton Rd, Plumsteadville PA 18949",(215) 766-8665
"2450 Chemical Rd, Plymouth Meeting PA 19462",(610) 941-5448
"86 Glocker Way, Pottstown PA 19465",(610) 705-3352
"1544 Route 61 Hwy S, Pottsville PA 17901",(570) 385-4273
"1465 W Broad St, Quakertown PA 18951",(215) 538-3399
"901 S West End Blvd, Quakertown PA 18951",(215) 536-5065
"100 Townsedge Drive, Quarryville PA 17566",(717) 786-7301
"35 Friendly Drive, Quarryville PA 17566",(717) 284-4147
"2641 Shillington Rd, Reading PA 19609",(610) 678-3286
"4655 Perkiomen Ave, Reading PA 19606",(610) 406-9640
"600 E Lancaster Ave, Reading PA 19607",(610) 775-5015
"3175 Cape Horn Rd, Red Lion PA 17356",(717) 246-7137
"1025 Second Street Pike, Richboro PA 18954",(215) 396-3342
"2350 Susquehanna Rd, Roslyn PA 19001",(215) 881-2100
"1824 Ridge Pike, Royersford PA 19468",(610) 831-5450
"967 S Township Line Rd, Royersford PA 19468",(610) 792-9950
"550 E Lancaster Ave, Saint Davids PA 19087",(610) 989-0781
"1600 Nay Aug Ave, Scranton PA 18509",(570) 343-5997
"330 Marketplace Blvd, Selinsgrove PA 17870",(570) 743-0106
"397 Baltimore Rd, Shippensburg PA 17257",(717) 532-7515
"14635 Mt Airy Rd, Shrewsbury PA 17361",(717) 227-9420
"760 Pennsylvania 113, Souderton PA 18964",(215) 703-0580
"466 Second Street Pike, Southampton PA 18966",(215) 357-5324
"1121 N Bethlehem Pike, Spring House PA 19477",(215) 283-4585
"721 W Sproul Rd, Springfield PA 19064",(610) 328-0029
"950 Baltimore Pike, Springfield PA 19064",(610) 604-1570
"2121 South Atherton, State College PA 16801",(814) 861-2578
"255 Northland Ctr, State College PA 16803",(814) 237-1828
"180 Upland Square Dr, Stowe PA 19464",(610) 705-0000
"4320 5th Street Hwy, Temple PA 19560",(610) 939-2640
"3477 Lincoln Hwy, Thorndale PA 19372",(610) 383-5460
"7150 Hamilton Blvd, Trexlertown PA 18087",(610) 391-0152
"300 S Best Ave, Walnutport PA 18088",(610) 760-6184
"720 West Street Rd, Warminster PA 18974",(215) 674-4607
"1661 South Easton Road, Warrington PA 18976",(215) 918-1220
"1375 Boot Rd, West Chester PA 19380",(610) 344-3050
"1393 Dilworthtown Xing, West Chester PA 19382",(610) 431-2351
"1502 West Chester Pike, West Chester PA 19382",(610) 241-1867
"698 Downingtown Pike, West Chester PA 19380",(610) 430-7150
"849 West Baltimore Pike, West Grove PA 19390",(610) 345-0183
"2104 Van Reed Rd, West Lawn PA 19609",(610) 670-4713
"2651 MacArthur Commons, Whitehall PA 18052",(484) 245-0080
"1969 East 3rd St, Williamsport PA 17701",(570) 329-2002
"315 York Rd, Willow Grove PA 19090",(215) 784-1960
"837 Male Rd, Wind Gap PA 18091",(610) 863-8635
"50 E Wynnewood Rd, Wynnewood PA 19096",(610) 642-5206
"700 Stony Hill Rd, Yardley PA 19067",(215) 493-3540
"1255 Carlisle Rd, York PA 17404",(717) 718-1884
"2415 East Market St, York PA 17402",(717) 755-0991
"275 Pauline Dr, York PA 17402",(717) 741-5332
