Name,Address,Phone
Hannaford - Auburn,"95 Spring Street, Auburn Maine 04210",(207) 784-6497
Hannaford - Augusta Cony,"118 Cony Street, Augusta Maine 04330",(207) 621-2570
Hannaford - Augusta Turnpike Mall,"29 Whitten Rd, Augusta Maine 04330",(207) 622-3137
Hannaford - Bangor Airport Mall,"1133 Union St, Bangor Maine 04401",(207) 942-0100
Hannaford - Bangor Broadway,"653 Broadway, Bangor Maine 04401",(207) 947-8338
Hannaford - Bangor Hogan Road,"773 Stillwater Ave, Bangor Maine 04401",(207) 947-6735
Hannaford - Bar Harbor,"86 Cottage St, Bar Harbor Maine 04609",(207) 288-5680
Hannaford - Belfast,"93 Lincolnville Ave, Belfast Maine 04915",(207) 338-5377
Hannaford - Biddeford,"299 Elm Street, Biddeford Maine 04005",(207) 284-8677
Hannaford - Blue Hill,"15 South Street, Blue Hill Maine 04614",(207) 374-5137
Hannaford Supermarket - Boothbay Harbor,"180 Townsend Avenue, Boothbay Harbor Maine 04538",(207) 633-6465
Hannaford - Brewer,"383 Wilson St, Brewer Maine 04412",(207) 989-2500
Hannaford - Bridgton,"109 Portland Road, Bridgton Maine 04009",(207) 647-2015
Hannaford - Brunswick,"35 Elm St, Brunswick Maine 04011",(207) 725-6683
Hannaford Supermarket,"8 Gurnet Road, Brunswick Maine 04011",(207) 504-5111
Hannaford - Bucksport,"370 Main Street, Bucksport Maine 04416",(207) 469-3282
Hannaford - Buxton,"21 Hannaford Drive, Buxton Maine 04093",(207) 929-3100
Hannaford - Camden,"145 Elm Street, Camden Maine 04843",(207) 236-8577
Hannaford - Caribou,"114 High Street, Caribou Maine 04736",(207) 498-8824
Hannaford - China,"33 Hannaford Drive, China Maine 04358",(207) 445-3385
Hannaford - Damariscotta,"469 Main Street, Damariscotta Maine 04543",(207) 563-8131
Hannaford - Dexter,"37 Church Street, Dexter Maine 04930",(207) 924-6410
Hannaford - Waterboro,"20 Sokokis Trail, East Waterboro Maine 04087",(207) 247-8000
Hannaford - Ellsworth,"225 High Street, Ellsworth Maine 04605",(207) 667-5300
Hannaford - Falmouth,"65 Gray Road, Falmouth Maine 04105",(207) 878-0050
Hannaford - Farmington,"131 Hannaford Drive, Farmington Maine 04938",(207) 778-0434
Hannaford Supermarket - Fort Kent,"62 W. Main Street, Fort Kent Maine 04743",(207) 834-3020
Hannaford - Gardiner,"40 Main Avenue, Gardiner Maine 04345",(207) 582-3470
Hannaford - Gorham,"99 Main St, Gorham Maine 04038",(207) 839-6553
Hannaford - Gray,"130 Shaker Road, Gray Maine 04039",(207) 657-5800
Hannaford - Hampden,"77 Western Ave, Hampden Maine 04444",(207) 862-5444
Hannaford - Houlton,"33 Ludlow Road, Houlton Maine 04730",(207) 532-2605
Hannaford - Jay,"15 Jay Plaza Lane, Jay Maine 04239",(207) 897-4376
Hannaford - Kennebunk,"65 Portland Road, Kennebunk Maine 04043",(207) 985-9135
Hannaford - Lewiston,"692 Sabattus St, Lewiston Maine 04240",(207) 784-0721
Hannaford - Lincoln,"22 Goding Avenue, Lincoln Maine 04457",(207) 794-6122
Hannaford - Machias,"149 Dublin Street, Machias Maine 04654",(207) 255-3201
Hannaford Supermarket - Madawaska,"58 Main Street, Madawaska Maine 04756",(207) 728-6316
Hannaford Supermarket - Madison,"225 Upper Main St, Madison Maine 04950",(207) 696-3949
Hannaford - Mechanic Falls,"50 Pigeon Hill Road, Mechanic Falls Maine 04256",(207) 998-2660
Hannaford - Millinocket,"843 Central Street, Millinocket Maine 04462",(207) 723-8047
Hannaford - Newport,"44 Moosehead Trail, Newport Maine 04953",(207) 368-4733
Hannaford Supermarket - North Berwick,"23 Somersworth Rd, North Berwick Maine 03906",(207) 676-2177
Hannaford - North Windham,"797 Roosevelt Trail, North Windham Maine 04062",(207) 892-2532
Hannaford - Old Town,"500 Stillwater Ave, Old Town Maine 04468",(207) 827-2700
Hannaford - Oxford,"1603 Main Street, Oxford Maine 04270",(207) 743-2522
Hannaford - Portland Forest Ave.,"295 Forest Avenue, Portland Maine 04101",(207) 761-5965
Hannaford - Portland Riverside,"787 Riverside St, Portland Maine 04103",(207) 878-0191
Hannaford - Rockland,"75 Maverick St, Rockland Maine 04841",(207) 594-2173
Hannaford - Rumford,"520 Waldo Street, Rumford Maine 04276",(207) 364-3771
Hannaford - Saco,"532 Main Street, Saco Maine 04072",(207) 282-4152
Hannaford - Sanford,"800 Main St, Sanford Maine 04073",(207) 324-1554
Hannaford - Scarborough,"31 Hannaford Dr, Scarborough Maine 04074",(207) 883-7670
Hannaford - Scarborough Payne Rd,"417 Payne Road, Scarborough Maine 04074",(207) 883-0096
Hannaford - Skowhegan,"100 Fairgrounds Marketplace, Skowhegan Maine 04976",(207) 858-4800
Hannaford - South Portland Maine Mall,"415 Philbrook Ave, South Portland Maine 04106",(207) 761-2729
Hannaford - South Portland Mill Creek,"50 Cottage Road, South Portland Maine 04106",(207) 799-7359
Hannaford - Standish,"71 Colonial Drive, Standish Maine 04084",(207) 642-5533
Hannaford - Topsham,"49 Topsham Fair Mall, Topsham Maine 04086",(207) 729-5124
Hannaford - Turner,"23 Snell Hill Road, Turner Maine 04282",(207) 225-5140
Hannaford Supermarket - Waldoboro,"17 Kalers Corner, Waldoboro Maine 04572",(207) 832-4358
Hannaford - Waterville Elm Plaza,"140 Elm Plaza, Waterville Maine 04901",(207) 877-0700
Hannaford - Waterville JFK,"190 Kennedy Memorial Dr, Waterville Maine 04901",(207) 873-0788
Hannaford - Wells,"107 Wells Plaza, Wells Maine 04090",(207) 646-4111
Hannaford - Westbrook,"7 Hannaford Drive, Westbrook Maine 04092",(207) 854-4631
Hannaford - Winthrop,"399 Main Street, Winthrop Maine 04364",(207) 377-3150
Hannaford - Yarmouth,"756 Route #1, Yarmouth Maine 04096",(207) 846-5941
Hannaford - York,"5 Hannaford Drive, York Maine 03909",(207) 363-5357
Hannaford - Orange,"150 New Athol Rd, Athol Massachusetts 01331",(978) 249-7955
Hannaford - Chelmsford,"66 Drum Hill, Chelmsford Massachusetts 01824",(978) 459-9304
Hannaford - Clinton,"333 Brook St, Clinton Massachusetts 01510",(978) 368-7909
Hannaford - Dracut,"301 Pleasant St, Dracut Massachusetts 01826",(978) 459-0059
Hannaford - Gardner,"21 Timpany Blvd, Gardner Massachusetts 01440",(978) 632-6139
Hannaford - Leominster Lancaster St.,"118 Lancaster St, Leominster Massachusetts 01453",(978) 537-1327
Hannaford - Leominster Twin City Plaza,"927 Merriam Avenue, Leominster Massachusetts 01453",(978) 534-9323
Hannaford - Lowell,"777 Rogers Street, Lowell Massachusetts 01852",(978) 446-7862
Hannaford - Lunenburg,"333 Mass Ave, Lunenburg Massachusetts 01462",(978) 582-0215
Hannaford - Marlborough,"193 Boston Post Rd W, Marlborough Massachusetts 01752",(508) 480-9670
Hannaford - Middleboro,"8 Merchants Way, Middleboro Massachusetts 02346",(508) 947-4787
Hannaford - North Brookfield,"5 Gilbert St, North Brookfield Massachusetts 01535",(508) 867-6809
Hannaford - Taunton,"255 Joseph E Warner Blvd, Taunton Massachusetts 02780",(508) 828-3940
Hannaford - Townsend,"18 Main St, Townsend Massachusetts 01469",(978) 597-5909
Hannaford - Uxbridge,"158 North Main St, Uxbridge Massachusetts 01569",(508) 278-2487
Hannaford - Waltham,"55 Russell St, Waltham Massachusetts 02451",(781) 893-6776
Hannaford - Alton,"80 Wolfeboro Highway, Alton New Hampshire 03809",(603) 875-4300
Hannaford - Bedford Jenkins Rd.,"4 Jenkins Road, Bedford New Hampshire 03110",(603) 472-2627
Hannaford - Bedford Kilton Rd.,"7 Kilton Road, Bedford New Hampshire 03110",(603) 625-5431
Hannaford Supermarket - Bristol,"505 Pleasant Street, Bristol New Hampshire 03222",(603) 744-5416
Hannaford - Ossipee,"891 NH-16, Center Ossipee New Hampshire 03864",(603) 539-7531
Hannaford - Claremont,"220 Washington St, Claremont New Hampshire 03743",(603) 543-1681
Hannaford - Concord,"73 Fort Eddy Rd, Concord New Hampshire 03301",(603) 228-2060
Hannaford - Derry,"35 Manchester Rd, Derry New Hampshire 03038",(603) 434-5099
Hannaford - Dover Fields,"30 Grapevine Drive, Dover New Hampshire 03820",(603) 749-2096
Hannaford - Dover,"833 Central Ave, Dover New Hampshire 03820",(603) 749-9232
Hannaford Supermarket - Durham,"7 Mill Road, Durham New Hampshire 03824",(603) 868-2500
Hannaford - Hampstead,"305 Sandown Road, East Hampstead New Hampshire 03826",(603) 329-0182
Hannaford - Exeter,"141 Portsmouth Ave, Exeter New Hampshire 03833",(603) 772-1783
Hannaford - Franklin,"952 Central St, Franklin New Hampshire 03235",(603) 934-2515
Hannaford - Gilford,"1425 Lake Shore Road, Gilford New Hampshire 03249",(603) 524-4629
Hannaford - Goffstown,"605 Mast Road, Goffstown New Hampshire 03102",(603) 626-4488
Hannaford - Hampton,"630 Lafayette Rd, Hampton New Hampshire 03842",(603) 926-9808
Hannaford - Hudson,"77 Derry Rd, Hudson New Hampshire 03051",(603) 883-6112
Hannaford - Keene,"481 West Street, Keene New Hampshire 03431",(603) 357-2832
Hannaford - Londonderry,"6 Hampton Drive, Londonderry New Hampshire 03053",(603) 421-0921
Hannaford - Hooksett,"140 Bicentennial Dr, Manchester New Hampshire 03104",(603) 644-2106
Hannaford - Manchester,"201 John E Devine Dr, Manchester New Hampshire 03103",(603) 626-4567
Hannaford - Manchester Hanover,"859 Hanover St, Manchester New Hampshire 03104",(603) 624-4442
Hannaford - Meredith,"50 NH Route 25, Meredith New Hampshire 03253",(603) 279-1451
Hannaford - Nashua,"175 Coliseum Ave, Nashua New Hampshire 03063",(603) 889-3700
Hannaford - New London,"295 Newport Road, New London New Hampshire 03257",(603) 526-6951
Hannaford - North Conway,"32 Mountain Valley Blvd, North Conway New Hampshire 03860",(603) 356-6341
Hannaford - Northwood,"174 1st New Hampshire Turnpike, Northwood New Hampshire 03261",(603) 942-8842
Hannaford - Pelham,"150 Bridge St, Pelham New Hampshire 03076",(603) 635-3001
Hannaford - Plymouth,"389 Tenney Mountain Hwy, Plymouth New Hampshire 03264",(603) 536-3400
Hannaford - Portsmouth,"800 Islington Street, Portsmouth New Hampshire 03801",(603) 436-6669
Hannaford - Raymond,"2 Freetown Road, Raymond New Hampshire 03077",(603) 895-0010
Hannaford - Rindge,"752 Route 202, Rindge New Hampshire 03461",(603) 899-2110
Hannaford - Rochester Milton Rd.,"11 Milton Rd, Rochester New Hampshire 03867",(603) 332-9611
Hannaford - Rochester,"290 North Main St, Rochester New Hampshire 03867",(603) 332-9580
Hannaford - West Lebanon,"8 Market Street, West Lebanon New Hampshire 03784",(603) 298-6642
Hannaford - Century Mall Albany,"900 Central Ave, Albany New York 12206",(518) 438-7296
Hannaford - Guilderland,"5239 Western Trnpike, Altamont New York 12009",(518) 355-5814
Hannaford - Amsterdam,"115 Hannaford Plaza, Amsterdam New York 12010",(518) 843-5854
Hannaford - Malta,"43 Round Lake Rd, Ballston Lake New York 12019",(518) 899-2392
Hannaford - Milton Ballston Spa,"11 Trieble Ave, Ballston Spa New York 12020",(518) 885-6384
Hannaford - Rossi Way Ballston Spa,"3 Via Rossi Way, Ballston Spa New York 12020",(518) 884-2973
Hannaford - Cairo,"223 Main Street, Cairo New York 12413",(518) 622-8130
Hannaford - Clifton Park,"19 Clifton Country Road, Clifton Park New York 12065",(518) 383-4136
Hannaford - Clinton,"55 Meadow Street, Clinton New York 13323",(315) 853-5090
Hannaford - Colonie,"96 Wolf Rd, Colonie New York 12205",(518) 482-1085
Hannaford - Delmar,"180 Delaware Plaza, Delmar New York 12054",(518) 439-7657
Hannaford - East Greenbush,"592 Columbia Turnpike, East Greenbush New York 12061",(518) 477-6483
Hannaford - Duanesburg,"11140 Western Turnpike, Esperance New York 12066",(518) 875-9410
Hannaford - Broad St. Glens Falls,"175 Broad St, Glens Falls New York 12801",(518) 793-0028
Hannaford - Glenville,"262 Saratoga Rd, Glenville New York 12302",(518) 384-0156
Hannaford - Gloversville,"235 Fifth Ave Ext, Gloversville New York 12078",(518) 725-0847
Hannaford - Greenwich,"1165 Route 29, Greenwich New York 12834",(518) 692-3177
Hannaford - Herkimer,"401 East Albany St, Herkimer New York 13350",(315) 866-6030
Hannaford - Highland,"3650 Route 9W, Highland New York 12528",(845) 691-9150
Hannaford - Livingston,"32 Route 82, Hudson New York 12534",(518) 851-2098
Hannaford - Kingsbury,"3758 Burgoyne Avenue, Hudson Falls New York 12839",(518) 746-2040
Hannaford - Kingston Plaza,"100 Plaza Road, Kingston New York 12401",(845) 339-7480
Hannaford - Kingston Ulster Ave.,"1261 Ulster Ave, Kingston New York 12401",(845) 336-0325
Hannaford - Lake Placid,"45 Hadjis Way, Lake Placid New York 12946",(518) 523-3279
Hannaford - Latham,"579 Troy Schenectady Road, Latham New York 12110",(518) 782-1750
Hannaford - Wallkill,"30 Tower Drive, Middletown New York 10941",(845) 695-1800
Hannaford - Plattekill,"2066 Route 32, Modena New York 12548",(845) 883-7407
Hannaford - Utica,"4593 Commercial Dr, New Hartford New York 13413",(315) 768-1851
Hannaford - New Hartford,"50 Kellogg Road, New Hartford New York 13413",(315) 724-0274
Hannaford - New Windsor,"2636 Route 32, New Windsor New York 12553",(845) 562-5169
Hannaford - Niskayuna,"3333 Consaul Rd, Niskayuna New York 12304",(518) 395-9497
Hannaford - Oneonta,"705 State Highway 28, Oneonta New York 13820",(607) 432-0012
Hannaford - Pawling,"162 Route 22, Pawling New York 12564",(845) 855-0553
Hannaford - Pine Bush,"31 Ted Drive, Pine Bush New York 12566",(845) 744-2113
Hannaford - Plattsburgh,"7 Pyramid Drive, Plattsburgh New York 12901",(518) 562-2204
Hannaford - Queensbury,"190 Quaker Rd, Queensbury New York 12804",(518) 798-8676
Hannaford - Red Hook,"35 Hannaford Drive, Red Hook New York 12571",(845) 758-9330
Hannaford - Rome,"808 West Chestnut Street, Rome New York 13440",(315) 336-0201
Hannaford - Saratoga,"95 Weibel Ave, Saratoga Springs New York 12866",(518) 587-0360
Hannaford - Rotterdam,"1400 Altamont Ave, Schenectady New York 12303",(518) 357-2050
Hannaford - South Glens Falls,"27-41 Gansevoort Rd, South Glens Falls New York 12803",(518) 798-7991
Hannaford - Troy,"9 126th Street, Troy New York 12182",(518) 233-8196
Hannaford - Brunswick,"9 Lord Avenue, Troy New York 12180",(518) 271-3832
Hannaford - Utica Mohawk Drive,"1122 Mohawk Street, Utica New York 13501",(315) 734-0373
Hannaford - Kinderhook,"2967 Route 9, Valatie New York 12184",(518) 758-8800
Hannaford - Voorheesville,"5 Maple Rd, Voorheesville New York 12186",(518) 765-2629
Hannaford - Walden,"78 Oak Street, Walden New York 12586",(845) 778-2220
Hannaford - Wappinger Falls,"1490 Route 9, Wappingers Falls New York 12590",(845) 297-8254
Hannaford - Watertown,"21110 US Route 3, Watertown New York 13601",(315) 782-7456
Hannaford - West Hurley,"295 State Route 375, West Hurley New York 12491",(845) 679-8121
Hannaford - West Sand Lake,"3703 Route 43, West Sand Lake New York 12196",(518) 674-2846
Hannaford - Wynantskill,"40 Main Street, Wynantskill New York 12198",(518) 283-0538
Hannaford - Barre,"456 South Barre Road, Barre Vermont 05641",(802) 479-3326
Hannaford - Bennington,"141 Hannaford Sq, Bennington Vermont 05201",(802) 442-1521
Hannaford - Bradford,"586 Lower Plain, Bradford Vermont 05033",(802) 222-3370
Hannaford Supermarket - Brandon,"71 Supermarket Drive, Brandon Vermont 05733",(802) 247-4113
Hannaford - Brattleboro,"896 Putney Rd, Brattleboro Vermont 05301",(802) 254-1160
Hannaford - North Ave. Burlington,"1127 North Avenue, Burlington Vermont 05408",(802) 862-8040
Hannaford - Enosburg Falls,"71 Jay View Drive, Enosburg Falls Vermont 05450",(802) 933-6657
Hannaford - Essex Junction,"21 Essex Way, Essex Junction Vermont 05452",(802) 878-0274
Hannaford - Middlebury,"260 Court St, Middlebury Vermont 05753",(802) 388-1017
Hannaford - Milton,"259 Route 7 South, Milton Vermont 05468",(802) 893-0554
Hannaford - Morrisville,"80 Fairgrounds Plaza, Morrisville Vermont 05661",(802) 888-9848
Hannaford - Rutland,"318 South Main St, Rutland Vermont 05701",(802) 775-8900
Hannaford - Dorset St. South Burlington,"217 Dorset St, South Burlington Vermont 05403",(802) 863-6311
Hannaford - Shelburne Rd. South Burlington,"935 Shelburne Road, South Burlington Vermont 05403",(802) 864-0105
Hannaford - St Albans,"290 Highgate Commons Road, St Albans Vermont 05478",(802) 524-2157
Hannaford - Swanton,"139 First Street, Swanton Vermont 05488",(802) 868-2637
Hannaford - Williston,"78 Marshall Avenue, Williston Vermont 05495",(802) 878-0032
