Name,Address,Phone
Brockport Grocery Store,"6660 4th Section Road Suite 2 Brockport, NY 14420",585-637-3111
Calkins Rd. Grocery Store,"745 Calkins Road Rochester, NY 14623",585-334-4010
Chili Paul Grocery Store,"3175 Chili Avenue Rochester, NY 14624",585-426-5010
East Ave. Grocery Store,"1750 East Avenue Rochester, NY 14610",585-244-7950
Eastway Grocery Store,"1955 Empire Boulevard Webster, NY 14580",585-671-8290
Fairport Grocery Store,"851 Fairport Road East Rochester, NY 14445",585-586-8340
Holt Rd. Grocery Store,"900 Holt Road Webster, NY 14580",585-872-0780
Irondequoit Grocery Store,"525 Titus Avenue Rochester, NY 14617",585-266-4090
Latta Rd. Grocery Store,"3177 Latta Road Rochester, NY 14612",585-723-8260
Lyell Ave. Grocery Store,"2301 Lyell Avenue Rochester, NY 14606",585-429-4400
Marketplace Grocery Store,"650 Hylan Drive Rochester, NY 14623",585-424-7255
Mt. Read Grocery Store,"3701 Mount Read Boulevard Rochester, NY 14616",585-663-4120
Penfield Grocery Store,"2157 Penfield Road Penfield, NY 14526",585-248-3200
Perinton Grocery Store,"6600 Pittsford Palmyra Road Fairport, NY 14450",585-223-4092
Pittsford Grocery Store,"3195 Monroe Avenue Rochester, NY 14618",585-586-6680
Ridge-Culver Grocery Store,"2200 East Ridge Road Rochester, NY 14622",585-342-4810
Ridgemont Grocery Store,"2833 West Ridge Road Rochester, NY 14626",585-723-6000
Alberta Dr. Grocery Store,"675 Alberta Drive Amherst, NY 14226",716-831-6300
Amherst St Grocery Store,"601 Amherst Street Buffalo, NY 14207",716-877-0500
Dick Rd. Grocery Store,"651 Dick Road Depew, NY 14043",716-685-8100
Jamestown Grocery Store,"945 Fairmount Ave Jamestown, NY 14701",716-483-9900
Losson Rd. Grocery Store,"4960 Transit Road Depew, NY 14043",716-685-7300
McKinley Grocery Store,"3740 Mckinley Parkway Buffalo, NY 14219",716-362-8400
Military Rd. Grocery Store,"1577 Military Road Niagara Falls, NY 14304",716-298-3100
Niagara Falls Blvd. Grocery Store,"3135 Niagara Falls Boulevard Amherst, NY 14228",716-691-0800
Sheridan Dr. Grocery Store,"5275 Sheridan Drive Williamsville, NY 14221",716-631-4300
Transit Rd. Grocery Store,"8270 Transit Road Buffalo, NY 14221",716-636-5600
West Seneca Grocery Store,"370 Orchard Park Road West Seneca, NY 14224",716-826-4000
Auburn Grocery Store,"1 Loop Road Auburn, NY 13021",315-255-2231
Canandaigua Grocery Store,"345 Eastern Boulevard Canandaigua, NY 14424",585-394-4820
Geneseo Grocery Store,"4287 Genesee Valley Plaza Road Geneseo, NY 14454",585-243-9000
Geneva Grocery Store,"300 Hamilton Street Geneva, NY 14456",315-781-5800
Ithaca Grocery Store,"500 South Meadow Street Ithaca, NY 14850",607-277-5800
Newark Grocery Store,"800 West Miller Street Newark, NY 14513",315-331-4440
Astor Place Grocery Store,"770 Broadway (Entrance At 8Th And Lafayette) New York, NY 10003",646-225-9300
Brooklyn Grocery Store,"21 Flushing Ave Brooklyn, NY 11205",347-694-8510
Harrison Grocery Store,"106 Corporate Park Dr West Harrison, NY 10604",914-539-3700
Corning Grocery Store,"24 S Bridge St Corning, NY 14830",607-937-8347
Elmira Grocery Store,"1100 Clemens Center Pkwy Elmira, NY 14901",607-737-0770
Hornell Grocery Store,"1000 Highway 36 North Hornell, NY 14843",607-324-0600
Johnson City Grocery Store,"650 Harry L Drive Johnson City, NY 13790",607-729-7782
Cicero Grocery Store,"7952 Brewerton Road Cicero, NY 13039",315-698-6700
Dewitt Grocery Store,"6789 East Genesee Street Fayetteville, NY 13066",315-446-1180
Fairmount Grocery Store,"3325 West Genesee Street Syracuse, NY 13219",315-487-1581
Great Northern Grocery Store,"3955 Route 31 Liverpool, NY 13090",315-622-4632
James St. Grocery Store,"4256 James Street East Syracuse, NY 13057",315-437-1534
John Glenn Grocery Store,"7519 Oswego Road Liverpool, NY 13090",315-546-1200
Onondaga Grocery Store,"4722 Onondaga Boulevard Syracuse, NY 13219",315-478-3313
Taft Rd. Grocery Store,"4979 West Taft Road Liverpool, NY 13088",315-457-0514
Tilghman St. Grocery Store,"3900 Tilghman St Allentown, PA 18104",610-336-7900
Bethlehem Grocery Store,"5000 Wegmans Drive Bethlehem, PA 18017",610-317-1300
Collegeville Grocery Store,"600 Commerce Drive Collegeville, PA 19426",484-902-1500
Concordville Grocery Store,"100 Applied Bank Blvd Glen Mills, PA 19342",484-785-9900
Downingtown Grocery Store,"1056 East Lancaster Avenue Downingtown, PA 19335",610-518-7800
Erie Peach St. Grocery Store,"6143 Peach Street Erie, PA 16509",814-860-5300
Erie West Grocery Store,"5028 West Ridge Road Erie, PA 16506",814-835-1900
Harrisburg Grocery Store,"6416 Carlisle Pike Mechanicsburg, PA 17050",717-791-4500
King of Prussia Grocery Store,"1 Village Drive King Of Prussia, PA 19406",484-690-3500
Lancaster Grocery Store,"2000 Crossings Blvd. Lancaster, PA 17601",717-358-9400
Malvern Grocery Store,"50 Foundry Way Malvern, PA 19355",484-913-9600
Montgomeryville Grocery Store,"500 Montgomery Mall North Wales, PA 19454",267-677-0700
Nazareth Grocery Store,"3791 Easton-Nazareth Highway Easton, PA 18045",610-515-2400
Scranton Grocery Store,"1315 Cold Spring Rd Scranton, PA 18508",570-383-8721
State College Grocery Store,"345 Colonnade Boulevard State College, PA 16803",814-278-9000
Warrington Grocery Store,"1405 Main St Warrington, PA 18976",215-918-3900
Wilkes-Barre Grocery Store,"220 Highland Park Boulevard Wilkes-Barre Township, PA 18702",570-825-4400
Williamsport Grocery Store,"201 William Street Williamsport, PA 17701",570-320-8778
Yardley Grocery Store,"925 Vansant Drive Yardley, PA 19067",215-369-6500
Wisconsin Ave Grocery Store,"41 Ridge Sq. Nw Washington, DC 20016",202-449-1600
Wilmington Grocery Store,"371 Buckley Mill Rd Wilmington, DE 19807",(302) 551-6100
Burlington Grocery Store,"53 Third Avenue Burlington, MA 01803",781-418-0700
Chestnut Hill Grocery Store,"200 Boylston St Chestnut Hill, MA 02467",617-762-2000
Medford Grocery Store,"3850 Mystic Valley Pkwy Medford, MA 02155",339-221-5700
Northborough Grocery Store,"9102 Shops Way Northborough, MA 01532",508-936-1900
Westwood Grocery Store,"169 University Avenue Westwood, MA 02090",781-234-0300
Bel Air Grocery Store,"21 Wegman'S Boulevard Abingdon, MD 21009",443-372-2900
Columbia Grocery Store,"8855 Mcgaw Rd Columbia, MD 21045",443-537-2900
Crofton Grocery Store,"1413 S Main Chapel Way Gambrills, MD 21054",443-332-6200
Frederick Grocery Store,"7830 Wormans Mill Road Frederick, MD 21701",240-575-7300
Germantown Grocery Store,"20600 Seneca Meadows Parkway Germantown, MD 20876",240-499-0700
Hunt Valley Grocery Store,"122 Shawan Road Hunt Valley, MD 21030",410-773-3900
Owings Mills Grocery Store,"10100 Reisterstown Road Owings Mills, MD 21117",443-471-2300
Woodmore Grocery Store,"9001 Mchugh Drive Lanham, MD 20706",240-487-5400
Bridgewater Grocery Store,"724 Route 202 South Bridgewater, NJ 08807",908-243-9600
Cherry Hill Grocery Store,"2100 Route 70 West Cherry Hill, NJ 08002",856-488-2700
Hanover Grocery Store,"34 Sylvan Way Parsippany-Troy Hills, NJ 07054",973-434-1500
Manalapan Grocery Store,"55 Us Highway 9 Suite 100 Manalapan Township, NJ 07726",732-625-4100
Montvale Grocery Store,"100 Farm View Montvale, NJ 07645",551-249-2200
Mt. Laurel Grocery Store,"2 Centerton Road Mount Laurel, NJ 08054",856-439-7300
Ocean Grocery Store,"1104 Route 35 Ocean Township, NJ 07712",732-695-7000
Princeton Grocery Store,"240 Nassau Park Boulevard Princeton, NJ 08540",609-919-9300
Woodbridge Grocery Store,"15 Woodbridge Center Dr Woodbridge Township, NJ 07095",732-596-3200
Chapel Hill Grocery Store,"1810 Fordham Blvd Chapel Hill, NC 27514",919-864-7400
Raleigh Grocery Store,"1200 Wake Towne Dr Raleigh, NC 27609",984-960-5600
West Cary Grocery Store,"3710 Davis Drive Morrisville, NC 27560",919-415-0210
Wake Forest Grocery Store,"11051 Ligon Mill Rd Wake Forest, NC 27587",919-575-3800
Alexandria Grocery Store,"7905 Hilltop Village Center Drive Alexandria, VA 22315",571-527-2400
Carlyle Grocery Store,"150 Stovall St. Alexandria, VA 22314",571-473-5100
Chantilly Grocery Store,"14361 Newbrook Drive Chantilly, VA 20151",571-525-5525
Charlottesville Grocery Store,"100 Wegmans Way Charlottesville, VA 22902",434-529-3200
Dulles Grocery Store,"45131 Columbia Place, sterling, va 20166 sterling, VA 20166",703-421-2400
Fairfax Grocery Store,"11620 Monument Drive Fairfax, VA 22030",703-653-1600
Fredericksburg Grocery Store,"2281 Carl D. Silver Parkway Fredericksburg, VA 22401",540-322-4800
Lake Manassas Grocery Store,"8297 Stonewall Shops Square Gainesville, VA 20155",571-222-2300
Leesburg Grocery Store,"101 Crosstrail Blvd Se Leesburg, VA 20175",703-669-2044
Midlothian Grocery Store,"12501 Stone Village Way Midlothian, VA 23113",804-419-9900
Potomac Grocery Store,"14801 Dining Way Woodbridge, VA 22191",703-763-5500
Short Pump Grocery Store,"12200 Wegmans Blvd Henrico, VA 23233",804-377-4100
Reston Grocery Store,"11950 Hopper Street Reston, VA 20191",703-621-2400
Tysons Grocery Store,"1835 Capital One Drive South Mclean, VA 22102",571-423-0700
Virginia Beach Grocery Store,"4721 Virginia Beach Blvd Virginia Beach, VA 23462",757-271-0500